scenario,commercial_threshold,indie_threshold,commercial_power,indie_power,commercial_effect_size,indie_effect_size,comparison_score,success_ratio,significant_diff_count,significant_diff_ratio,rf_score,imbalance_ratio,total_score,recommendation
시나리오 1: 엄격한 기준 (20-25%),5000000,400000,5,4,0.6391708752778217,0.9735738592243766,5,25.454545454545453,3,75.0,4,2.9285714285714284,4.454779275438324,✅ 강력 추천 (분석 목표 달성에 최적)
시나리오 2: 균형잡힌 기준 (30-35%),4000000,350000,5,3,0.6775493294547411,0.8436284018894403,5,35.90909090909091,2,50.0,5,1.7848101265822784,4.520441649254068,✅ 강력 추천 (분석 목표 달성에 최적)
시나리오 3: 포괄적 기준 (35-40%),3500000,300000,5,3,0.57958661470853,0.8436284018894403,5,40.0,2,50.0,5,1.5,4.483705631224239,✅ 강력 추천 (분석 목표 달성에 최적)
시나리오 4: 통일 기준 (25%),4500000,450000,5,3,0.6447358374065528,0.7364141401715089,5,25.90909090909091,3,75.0,4,2.8596491228070176,4.217931241591773,✅ 강력 추천 (분석 목표 달성에 최적)
시나리오 5: 통일 기준 (30%),4000000,380000,5,5,0.6775493294547411,0.90063366543791,5,33.63636363636363,3,75.0,5,1.972972972972973,4.841818623084745,✅ 강력 추천 (분석 목표 달성에 최적)
