scenario,target_rate,commercial_threshold,indie_threshold,commercial_success,indie_success,total_success,commercial_rate,indie_rate,total_rate,analysis_feasibility,criteria_meaning,balance,total_score,recommendation
시나리오 1: 엄격한 기준,20-25%,5000000,400000,43,13,56,22.395833333333336,46.42857142857143,25.454545454545453,매우 좋음,명확,불균형,11,👍 추천
시나리오 2: 균형잡힌 기준,30-35%,4000000,350000,57,22,79,29.6875,78.57142857142857,35.90909090909091,매우 좋음,보통,불균형,10,⚖️ 고려 가능
시나리오 3: 포괄적 기준,35-40%,3500000,300000,66,22,88,34.375,78.57142857142857,40.0,매우 좋음,보통,불균형,10,⚖️ 고려 가능
시나리오 4: 통일 기준 (25%),25%,4500000,450000,49,8,57,25.520833333333332,28.57142857142857,25.90909090909091,좋음,명확,매우 균형,13,✅ 강력 추천
시나리오 5: 통일 기준 (30%),30%,4000000,380000,57,17,74,29.6875,60.71428571428571,33.63636363636363,매우 좋음,명확,불균형,11,👍 추천
